respondent_id,monthly_price,video_quality,ads,simultaneous_screens,rating
R0001,$12,4K,No ads,2 screens,6
R0001,$8,HD,Some ads,4 screens,5
R0001,$16,HD,No ads,4 screens,5
R0001,$8,4K,Some ads,1 screen,6
R0001,$16,4K,Some ads,2 screens,1
R0001,$16,HD,Some ads,2 screens,1
R0001,$12,HD,No ads,1 screen,6
R0001,$16,4K,No ads,4 screens,8
R0001,$8,4K,Some ads,2 screens,6
R0001,$16,HD,Some ads,1 screen,1
R0001,$16,4K,No ads,1 screen,6
R0001,$8,HD,No ads,4 screens,10
R0002,$8,4K,Some ads,2 screens,7
R0002,$16,4K,No ads,1 screen,2
R0002,$16,HD,Some ads,4 screens,3
R0002,$8,HD,Some ads,1 screen,4
R0002,$16,HD,No ads,2 screens,5
R0002,$16,4K,Some ads,4 screens,4
R0002,$12,HD,No ads,2 screens,6
R0002,$12,4K,Some ads,2 screens,6
R0002,$8,4K,No ads,1 screen,6
R0002,$12,4K,No ads,2 screens,8
R0002,$8,4K,Some ads,1 screen,5
R0002,$16,HD,No ads,4 screens,5
R0003,$12,4K,No ads,2 screens,9
R0003,$16,4K,No ads,4 screens,8
R0003,$16,HD,No ads,1 screen,8
R0003,$16,HD,No ads,4 screens,7
R0003,$16,HD,Some ads,1 screen,1
R0003,$16,4K,Some ads,4 screens,4
R0003,$8,HD,Some ads,1 screen,5
R0003,$12,4K,No ads,4 screens,9
R0003,$16,HD,Some ads,4 screens,2
R0003,$16,4K,No ads,2 screens,8
R0003,$8,HD,Some ads,2 screens,6
R0003,$16,HD,Some ads,2 screens,2
R0004,$8,HD,Some ads,4 screens,4
R0004,$12,4K,No ads,4 screens,9
R0004,$12,HD,No ads,1 screen,5
R0004,$8,4K,No ads,4 screens,9
R0004,$8,HD,No ads,2 screens,4
R0004,$16,HD,No ads,1 screen,4
R0004,$12,HD,Some ads,2 screens,4
R0004,$8,4K,No ads,2 screens,8
R0004,$12,4K,No ads,2 screens,8
R0004,$8,HD,No ads,1 screen,7
R0004,$16,HD,Some ads,1 screen,5
R0004,$8,4K,No ads,1 screen,10
R0005,$8,HD,No ads,4 screens,6
R0005,$12,4K,Some ads,4 screens,4
R0005,$12,HD,Some ads,1 screen,3
R0005,$8,4K,Some ads,1 screen,6
R0005,$8,HD,Some ads,2 screens,4
R0005,$16,HD,No ads,4 screens,1
R0005,$12,HD,No ads,4 screens,3
R0005,$12,HD,Some ads,4 screens,1
R0005,$12,4K,No ads,4 screens,6
R0005,$8,HD,Some ads,1 screen,3
R0005,$16,4K,No ads,4 screens,5
R0005,$8,4K,No ads,1 screen,8
R0006,$12,4K,No ads,1 screen,7
R0006,$12,HD,No ads,2 screens,3
R0006,$8,4K,Some ads,1 screen,8
R0006,$16,HD,No ads,1 screen,2
R0006,$8,4K,No ads,4 screens,10
R0006,$16,HD,Some ads,2 screens,2
R0006,$8,4K,Some ads,4 screens,6
R0006,$12,4K,Some ads,4 screens,6
R0006,$16,4K,Some ads,2 screens,4
R0006,$8,HD,Some ads,1 screen,5
R0006,$12,HD,Some ads,1 screen,3
R0006,$8,HD,No ads,4 screens,9
R0007,$8,4K,No ads,2 screens,10
R0007,$16,4K,No ads,2 screens,8
R0007,$8,4K,Some ads,2 screens,6
R0007,$16,HD,No ads,2 screens,7
R0007,$8,HD,No ads,4 screens,8
R0007,$8,4K,No ads,4 screens,7
R0007,$12,HD,Some ads,4 screens,5
R0007,$12,4K,Some ads,2 screens,5
R0007,$12,HD,No ads,2 screens,6
R0007,$8,HD,Some ads,1 screen,5
R0007,$16,HD,No ads,4 screens,7
R0007,$8,4K,Some ads,4 screens,6
R0008,$16,4K,No ads,4 screens,8
R0008,$16,4K,Some ads,4 screens,5
R0008,$12,HD,Some ads,4 screens,6
R0008,$12,4K,Some ads,4 screens,5
R0008,$8,4K,No ads,2 screens,10
R0008,$8,HD,No ads,1 screen,7
R0008,$8,HD,No ads,2 screens,7
R0008,$12,4K,No ads,4 screens,9
R0008,$16,4K,Some ads,2 screens,6
R0008,$16,HD,No ads,4 screens,5
R0008,$16,4K,No ads,2 screens,7
R0008,$8,4K,Some ads,2 screens,8
R0009,$8,HD,Some ads,1 screen,6
R0009,$12,HD,No ads,4 screens,6
R0009,$16,4K,No ads,4 screens,6
R0009,$12,4K,Some ads,1 screen,5
R0009,$12,HD,Some ads,4 screens,4
R0009,$12,4K,No ads,4 screens,9
R0009,$12,4K,Some ads,4 screens,5
R0009,$16,HD,No ads,4 screens,6
R0009,$12,4K,No ads,2 screens,10
R0009,$16,4K,Some ads,4 screens,4
R0009,$16,4K,Some ads,1 screen,5
R0009,$16,HD,No ads,1 screen,5
R0010,$8,HD,Some ads,4 screens,4
R0010,$8,4K,No ads,2 screens,7
R0010,$8,4K,No ads,1 screen,8
R0010,$12,HD,No ads,1 screen,9
R0010,$8,HD,Some ads,2 screens,5
R0010,$16,4K,No ads,4 screens,7
R0010,$12,4K,No ads,1 screen,7
R0010,$8,HD,Some ads,1 screen,6
R0010,$12,HD,No ads,4 screens,6
R0010,$16,4K,Some ads,1 screen,7
R0010,$16,4K,Some ads,2 screens,5
R0010,$16,HD,No ads,1 screen,6
R0011,$12,4K,Some ads,2 screens,6
R0011,$16,HD,No ads,4 screens,3
R0011,$16,4K,Some ads,1 screen,4
R0011,$8,4K,No ads,1 screen,5
R0011,$16,HD,No ads,2 screens,2
R0011,$16,HD,Some ads,1 screen,1
R0011,$12,HD,No ads,4 screens,5
R0011,$16,4K,Some ads,4 screens,5
R0011,$8,HD,No ads,2 screens,5
R0011,$12,4K,No ads,4 screens,7
R0011,$8,4K,Some ads,2 screens,7
R0011,$16,HD,Some ads,2 screens,3
R0012,$12,HD,No ads,1 screen,7
R0012,$8,HD,Some ads,1 screen,4
R0012,$8,4K,Some ads,4 screens,7
R0012,$16,HD,Some ads,2 screens,4
R0012,$16,HD,Some ads,1 screen,2
R0012,$12,4K,No ads,1 screen,7
R0012,$8,4K,No ads,4 screens,9
R0012,$8,4K,No ads,2 screens,8
R0012,$16,HD,Some ads,4 screens,4
R0012,$12,4K,Some ads,2 screens,4
R0012,$12,HD,No ads,4 screens,7
R0012,$12,HD,Some ads,1 screen,2
R0013,$8,4K,Some ads,1 screen,7
R0013,$8,HD,Some ads,2 screens,5
R0013,$12,4K,No ads,2 screens,8
R0013,$16,4K,No ads,4 screens,5
R0013,$16,4K,Some ads,2 screens,6
R0013,$8,4K,Some ads,4 screens,8
R0013,$12,4K,No ads,4 screens,7
R0013,$16,HD,Some ads,2 screens,3
R0013,$12,4K,Some ads,2 screens,5
R0013,$12,HD,Some ads,1 screen,4
R0013,$12,4K,No ads,1 screen,9
R0013,$8,HD,Some ads,1 screen,4
R0014,$16,4K,No ads,2 screens,8
R0014,$16,4K,No ads,1 screen,8
R0014,$8,4K,No ads,1 screen,7
R0014,$16,HD,Some ads,2 screens,4
R0014,$8,4K,Some ads,1 screen,6
R0014,$8,4K,Some ads,2 screens,5
R0014,$16,HD,No ads,4 screens,7
R0014,$16,4K,Some ads,2 screens,6
R0014,$12,HD,Some ads,1 screen,3
R0014,$8,HD,Some ads,4 screens,6
R0014,$8,HD,No ads,4 screens,9
R0014,$8,HD,Some ads,1 screen,2
R0015,$12,HD,No ads,1 screen,2
R0015,$12,HD,Some ads,4 screens,1
R0015,$16,4K,Some ads,4 screens,4
R0015,$16,4K,Some ads,1 screen,4
R0015,$16,HD,No ads,4 screens,5
R0015,$8,4K,No ads,1 screen,8
R0015,$16,4K,Some ads,2 screens,4
R0015,$8,HD,Some ads,1 screen,4
R0015,$8,HD,No ads,4 screens,7
R0015,$16,HD,Some ads,4 screens,3
R0015,$12,HD,No ads,2 screens,3
R0015,$8,4K,No ads,2 screens,8
R0016,$16,HD,No ads,1 screen,2
R0016,$8,4K,Some ads,1 screen,7
R0016,$16,4K,No ads,4 screens,7
R0016,$12,4K,No ads,2 screens,10
R0016,$12,4K,Some ads,1 screen,7
R0016,$12,4K,Some ads,2 screens,5
R0016,$8,HD,Some ads,2 screens,4
R0016,$16,HD,No ads,4 screens,4
R0016,$8,HD,No ads,2 screens,6
R0016,$8,HD,No ads,4 screens,7
R0016,$16,4K,No ads,1 screen,7
R0016,$12,HD,Some ads,4 screens,5
R0017,$16,4K,No ads,4 screens,8
R0017,$8,HD,No ads,2 screens,7
R0017,$16,HD,No ads,4 screens,7
R0017,$8,4K,No ads,1 screen,10
R0017,$8,HD,Some ads,2 screens,5
R0017,$8,4K,Some ads,2 screens,7
R0017,$16,4K,Some ads,4 screens,5
R0017,$12,HD,Some ads,4 screens,3
R0017,$12,4K,Some ads,4 screens,5
R0017,$16,HD,Some ads,4 screens,3
R0017,$16,4K,Some ads,2 screens,5
R0017,$8,HD,No ads,1 screen,6
R0018,$8,4K,No ads,2 screens,10
R0018,$12,HD,No ads,4 screens,6
R0018,$12,HD,No ads,1 screen,3
R0018,$8,HD,Some ads,1 screen,5
R0018,$12,4K,No ads,1 screen,9
R0018,$8,HD,Some ads,2 screens,2
R0018,$8,4K,Some ads,4 screens,9
R0018,$12,4K,No ads,4 screens,8
R0018,$12,4K,Some ads,4 screens,4
R0018,$8,HD,No ads,1 screen,8
R0018,$12,4K,No ads,2 screens,7
R0018,$8,4K,No ads,1 screen,10
R0019,$8,4K,No ads,2 screens,7
R0019,$8,HD,Some ads,1 screen,6
R0019,$16,4K,No ads,2 screens,4
R0019,$8,HD,No ads,2 screens,7
R0019,$16,4K,Some ads,4 screens,2
R0019,$8,4K,Some ads,2 screens,7
R0019,$12,HD,Some ads,2 screens,7
R0019,$12,4K,No ads,1 screen,5
R0019,$8,4K,Some ads,1 screen,5
R0019,$8,4K,No ads,1 screen,8
R0019,$12,HD,No ads,4 screens,4
R0019,$8,HD,Some ads,2 screens,5
R0020,$12,HD,No ads,2 screens,6
R0020,$16,HD,Some ads,2 screens,1
R0020,$16,4K,Some ads,1 screen,3
R0020,$8,4K,Some ads,1 screen,6
R0020,$16,4K,No ads,4 screens,3
R0020,$8,HD,Some ads,4 screens,3
R0020,$12,HD,No ads,4 screens,5
R0020,$16,HD,Some ads,4 screens,2
R0020,$12,4K,No ads,2 screens,7
R0020,$16,4K,No ads,1 screen,7
R0020,$12,4K,Some ads,4 screens,5
R0020,$8,HD,No ads,4 screens,4
R0021,$16,4K,Some ads,2 screens,4
R0021,$8,HD,No ads,1 screen,6
R0021,$12,4K,No ads,2 screens,7
R0021,$12,HD,Some ads,2 screens,4
R0021,$16,HD,No ads,1 screen,2
R0021,$16,4K,Some ads,1 screen,3
R0021,$12,HD,No ads,2 screens,4
R0021,$16,HD,Some ads,1 screen,3
R0021,$8,HD,Some ads,2 screens,6
R0021,$12,HD,Some ads,1 screen,3
R0021,$16,HD,No ads,4 screens,6
R0021,$8,HD,No ads,4 screens,7
R0022,$12,HD,No ads,4 screens,5
R0022,$16,HD,Some ads,2 screens,4
R0022,$16,HD,No ads,1 screen,4
R0022,$8,HD,No ads,2 screens,9
R0022,$8,4K,No ads,4 screens,9
R0022,$8,HD,Some ads,4 screens,5
R0022,$16,4K,No ads,2 screens,8
R0022,$12,4K,No ads,2 screens,9
R0022,$8,4K,Some ads,4 screens,7
R0022,$8,4K,No ads,2 screens,10
R0022,$8,HD,No ads,1 screen,8
R0022,$12,4K,Some ads,2 screens,7
R0023,$8,HD,Some ads,2 screens,4
R0023,$12,HD,No ads,4 screens,5
R0023,$12,HD,No ads,2 screens,4
R0023,$12,4K,No ads,4 screens,8
R0023,$12,4K,Some ads,4 screens,4
R0023,$16,4K,Some ads,2 screens,3
R0023,$12,4K,Some ads,1 screen,4
R0023,$12,4K,No ads,1 screen,6
R0023,$12,4K,Some ads,2 screens,4
R0023,$16,4K,No ads,2 screens,10
R0023,$8,HD,Some ads,4 screens,3
R0023,$8,4K,No ads,4 screens,9
R0024,$16,HD,No ads,4 screens,3
R0024,$8,HD,Some ads,2 screens,6
R0024,$16,HD,No ads,2 screens,5
R0024,$12,HD,No ads,2 screens,7
R0024,$16,HD,Some ads,1 screen,1
R0024,$8,HD,No ads,2 screens,8
R0024,$16,HD,Some ads,2 screens,3
R0024,$8,HD,Some ads,1 screen,5
R0024,$12,HD,No ads,4 screens,6
R0024,$12,4K,No ads,1 screen,4
R0024,$8,HD,Some ads,4 screens,3
R0024,$8,4K,Some ads,1 screen,5
R0025,$8,HD,Some ads,1 screen,7
R0025,$12,HD,Some ads,4 screens,4
R0025,$16,HD,Some ads,2 screens,3
R0025,$16,4K,No ads,2 screens,6
R0025,$12,4K,Some ads,4 screens,4
R0025,$8,HD,No ads,4 screens,8
R0025,$16,HD,Some ads,4 screens,3
R0025,$16,HD,No ads,1 screen,3
R0025,$12,HD,Some ads,1 screen,3
R0025,$12,4K,Some ads,2 screens,3
R0025,$8,4K,No ads,2 screens,7
R0025,$12,4K,No ads,1 screen,7
R0026,$8,4K,No ads,1 screen,10
R0026,$16,4K,Some ads,4 screens,6
R0026,$12,HD,Some ads,4 screens,6
R0026,$12,4K,No ads,1 screen,5
R0026,$8,4K,Some ads,1 screen,7
R0026,$12,HD,Some ads,2 screens,3
R0026,$8,4K,No ads,4 screens,10
R0026,$8,HD,No ads,4 screens,9
R0026,$16,4K,No ads,2 screens,6
R0026,$12,HD,Some ads,1 screen,3
R0026,$16,4K,Some ads,2 screens,6
R0026,$8,HD,Some ads,2 screens,7
R0027,$12,HD,Some ads,4 screens,7
R0027,$12,4K,No ads,2 screens,8
R0027,$16,4K,No ads,1 screen,5
R0027,$12,HD,No ads,2 screens,6
R0027,$16,4K,Some ads,2 screens,6
R0027,$12,4K,No ads,1 screen,5
R0027,$16,HD,No ads,4 screens,5
R0027,$12,HD,No ads,1 screen,4
R0027,$12,HD,No ads,4 screens,5
R0027,$8,4K,Some ads,1 screen,6
R0027,$12,4K,No ads,4 screens,9
R0027,$8,HD,No ads,4 screens,10
R0028,$12,4K,No ads,1 screen,5
R0028,$12,HD,Some ads,2 screens,2
R0028,$12,HD,Some ads,4 screens,5
R0028,$8,HD,Some ads,4 screens,3
R0028,$8,HD,No ads,2 screens,5
R0028,$12,HD,No ads,4 screens,6
R0028,$8,4K,Some ads,1 screen,7
R0028,$12,HD,Some ads,1 screen,4
R0028,$8,HD,No ads,1 screen,6
R0028,$8,4K,No ads,4 screens,8
R0028,$12,HD,No ads,2 screens,6
R0028,$16,HD,No ads,1 screen,5
R0029,$8,4K,No ads,1 screen,8
R0029,$16,HD,No ads,4 screens,2
R0029,$12,HD,Some ads,1 screen,1
R0029,$8,4K,Some ads,1 screen,7
R0029,$12,4K,No ads,1 screen,8
R0029,$16,HD,Some ads,4 screens,1
R0029,$8,HD,Some ads,2 screens,2
R0029,$12,4K,No ads,2 screens,5
R0029,$16,4K,No ads,1 screen,5
R0029,$12,4K,Some ads,1 screen,4
R0029,$12,HD,Some ads,4 screens,2
R0029,$12,HD,No ads,4 screens,6
R0030,$12,4K,No ads,4 screens,7
R0030,$8,4K,No ads,2 screens,10
R0030,$12,4K,No ads,1 screen,5
R0030,$12,4K,No ads,2 screens,7
R0030,$16,HD,Some ads,1 screen,3
R0030,$12,HD,No ads,4 screens,7
R0030,$8,HD,Some ads,1 screen,4
R0030,$16,HD,Some ads,2 screens,2
R0030,$8,HD,No ads,4 screens,10
R0030,$16,4K,Some ads,1 screen,2
R0030,$8,4K,Some ads,4 screens,5
R0030,$16,4K,No ads,4 screens,8
R0031,$12,HD,No ads,4 screens,7
R0031,$12,HD,Some ads,2 screens,6
R0031,$8,4K,No ads,2 screens,8
R0031,$8,HD,No ads,2 screens,6
R0031,$16,4K,Some ads,2 screens,4
R0031,$16,HD,No ads,4 screens,5
R0031,$16,4K,Some ads,1 screen,4
R0031,$12,4K,No ads,1 screen,7
R0031,$8,HD,No ads,4 screens,8
R0031,$16,HD,Some ads,2 screens,3
R0031,$16,HD,Some ads,4 screens,4
R0031,$16,4K,No ads,1 screen,5
R0032,$8,4K,Some ads,1 screen,10
R0032,$12,HD,Some ads,4 screens,6
R0032,$8,HD,No ads,4 screens,10
R0032,$16,4K,No ads,2 screens,7
R0032,$16,4K,No ads,1 screen,7
R0032,$16,4K,No ads,4 screens,7
R0032,$16,HD,No ads,2 screens,5
R0032,$16,HD,No ads,4 screens,7
R0032,$12,4K,No ads,4 screens,9
R0032,$8,4K,Some ads,4 screens,10
R0032,$12,HD,No ads,2 screens,7
R0032,$16,HD,Some ads,2 screens,4
R0033,$8,HD,No ads,2 screens,4
R0033,$16,4K,Some ads,2 screens,5
R0033,$16,4K,Some ads,4 screens,5
R0033,$12,HD,Some ads,1 screen,3
R0033,$16,HD,Some ads,4 screens,3
R0033,$8,HD,No ads,4 screens,5
R0033,$12,4K,No ads,2 screens,6
R0033,$8,4K,Some ads,4 screens,7
R0033,$16,HD,No ads,2 screens,4
R0033,$16,HD,No ads,1 screen,4
R0033,$12,4K,Some ads,4 screens,2
R0033,$12,HD,No ads,4 screens,5
R0034,$16,HD,Some ads,1 screen,3
R0034,$8,4K,Some ads,2 screens,8
R0034,$8,HD,Some ads,1 screen,5
R0034,$12,HD,No ads,1 screen,7
R0034,$8,HD,No ads,4 screens,9
R0034,$8,HD,No ads,1 screen,10
R0034,$16,HD,Some ads,4 screens,3
R0034,$16,4K,No ads,1 screen,10
R0034,$12,4K,No ads,1 screen,7
R0034,$8,4K,Some ads,4 screens,7
R0034,$12,HD,Some ads,2 screens,5
R0034,$8,4K,Some ads,1 screen,6
R0035,$12,4K,No ads,1 screen,4
R0035,$12,HD,Some ads,1 screen,1
R0035,$8,HD,Some ads,2 screens,4
R0035,$16,4K,No ads,2 screens,6
R0035,$12,HD,Some ads,4 screens,3
R0035,$12,4K,No ads,2 screens,5
R0035,$12,HD,No ads,4 screens,4
R0035,$8,HD,No ads,1 screen,6
R0035,$16,HD,Some ads,1 screen,1
R0035,$8,4K,Some ads,2 screens,4
R0035,$8,HD,No ads,4 screens,8
R0035,$16,4K,Some ads,2 screens,1
R0036,$12,4K,No ads,2 screens,5
R0036,$8,HD,Some ads,1 screen,6
R0036,$16,4K,Some ads,2 screens,3
R0036,$16,4K,No ads,1 screen,4
R0036,$12,HD,Some ads,2 screens,5
R0036,$16,4K,Some ads,1 screen,3
R0036,$12,4K,Some ads,4 screens,5
R0036,$12,4K,Some ads,2 screens,6
R0036,$16,HD,No ads,2 screens,2
R0036,$16,HD,Some ads,1 screen,1
R0036,$8,4K,No ads,1 screen,5
R0036,$8,4K,No ads,2 screens,7
R0037,$12,4K,Some ads,1 screen,6
R0037,$16,4K,No ads,4 screens,9
R0037,$8,4K,Some ads,2 screens,8
R0037,$12,HD,No ads,1 screen,8
R0037,$12,4K,No ads,1 screen,9
R0037,$8,HD,Some ads,4 screens,3
R0037,$12,HD,No ads,2 screens,7
R0037,$12,HD,Some ads,1 screen,5
R0037,$8,4K,No ads,4 screens,8
R0037,$16,4K,No ads,2 screens,9
R0037,$8,HD,Some ads,1 screen,3
R0037,$8,HD,No ads,1 screen,6
R0038,$16,HD,No ads,1 screen,3
R0038,$12,4K,Some ads,1 screen,5
R0038,$16,4K,No ads,2 screens,4
R0038,$16,4K,No ads,4 screens,5
R0038,$12,4K,Some ads,2 screens,3
R0038,$12,4K,No ads,2 screens,6
R0038,$12,HD,No ads,2 screens,6
R0038,$16,4K,No ads,1 screen,5
R0038,$8,HD,Some ads,4 screens,4
R0038,$8,4K,Some ads,1 screen,4
R0038,$12,4K,No ads,4 screens,9
R0038,$8,4K,No ads,2 screens,7
R0039,$12,4K,Some ads,4 screens,6
R0039,$12,4K,No ads,2 screens,5
R0039,$16,HD,Some ads,4 screens,4
R0039,$8,HD,Some ads,2 screens,5
R0039,$8,HD,No ads,1 screen,5
R0039,$8,4K,Some ads,2 screens,7
R0039,$12,HD,Some ads,1 screen,1
R0039,$16,4K,No ads,2 screens,7
R0039,$12,HD,No ads,1 screen,3
R0039,$12,4K,No ads,4 screens,6
R0039,$16,4K,Some ads,2 screens,5
R0039,$16,HD,No ads,1 screen,2
R0040,$16,HD,No ads,1 screen,2
R0040,$16,HD,Some ads,2 screens,3
R0040,$12,HD,Some ads,2 screens,5
R0040,$16,HD,Some ads,1 screen,1
R0040,$16,4K,Some ads,2 screens,6
R0040,$12,HD,Some ads,4 screens,3
R0040,$12,4K,Some ads,1 screen,1
R0040,$8,HD,No ads,2 screens,9
R0040,$12,4K,No ads,4 screens,5
R0040,$8,4K,No ads,1 screen,6
R0040,$8,4K,No ads,2 screens,10
R0040,$8,HD,Some ads,1 screen,2
R0041,$16,HD,Some ads,1 screen,1
R0041,$12,4K,No ads,1 screen,8
R0041,$12,HD,Some ads,1 screen,3
R0041,$16,4K,Some ads,2 screens,3
R0041,$16,HD,No ads,2 screens,6
R0041,$16,HD,No ads,1 screen,3
R0041,$16,4K,No ads,4 screens,7
R0041,$8,4K,No ads,1 screen,8
R0041,$8,4K,Some ads,1 screen,6
R0041,$12,HD,No ads,1 screen,6
R0041,$12,HD,Some ads,2 screens,5
R0041,$8,HD,Some ads,4 screens,6
R0042,$16,4K,Some ads,2 screens,6
R0042,$8,HD,No ads,2 screens,6
R0042,$12,4K,Some ads,1 screen,3
R0042,$8,4K,No ads,1 screen,10
R0042,$16,4K,No ads,4 screens,8
R0042,$16,HD,Some ads,2 screens,4
R0042,$8,HD,Some ads,2 screens,5
R0042,$16,HD,No ads,2 screens,5
R0042,$16,HD,No ads,1 screen,6
R0042,$8,4K,Some ads,4 screens,5
R0042,$12,HD,No ads,2 screens,5
R0042,$8,HD,No ads,1 screen,6
R0043,$16,HD,Some ads,2 screens,4
R0043,$16,4K,Some ads,4 screens,6
R0043,$16,HD,No ads,1 screen,6
R0043,$12,HD,No ads,1 screen,3
R0043,$12,HD,Some ads,1 screen,3
R0043,$12,4K,Some ads,1 screen,4
R0043,$8,4K,Some ads,4 screens,7
R0043,$8,4K,Some ads,1 screen,6
R0043,$16,4K,No ads,2 screens,5
R0043,$16,HD,No ads,4 screens,7
R0043,$12,HD,Some ads,4 screens,2
R0043,$12,HD,Some ads,2 screens,3
R0044,$16,HD,Some ads,4 screens,4
R0044,$12,HD,Some ads,2 screens,5
R0044,$12,4K,No ads,1 screen,6
R0044,$12,4K,Some ads,2 screens,5
R0044,$8,HD,Some ads,2 screens,5
R0044,$16,4K,Some ads,1 screen,4
R0044,$12,4K,No ads,2 screens,7
R0044,$12,4K,Some ads,1 screen,5
R0044,$16,4K,No ads,4 screens,8
R0044,$8,4K,No ads,2 screens,10
R0044,$12,HD,No ads,1 screen,5
R0044,$8,HD,Some ads,4 screens,6
R0045,$8,HD,Some ads,1 screen,3
R0045,$8,4K,No ads,2 screens,8
R0045,$16,4K,Some ads,2 screens,4
R0045,$12,4K,No ads,4 screens,8
R0045,$8,4K,Some ads,1 screen,6
R0045,$16,4K,No ads,2 screens,6
R0045,$8,HD,Some ads,2 screens,4
R0045,$12,4K,No ads,1 screen,6
R0045,$16,HD,Some ads,2 screens,1
R0045,$8,4K,Some ads,4 screens,6
R0045,$12,4K,Some ads,1 screen,4
R0045,$12,4K,Some ads,2 screens,3
R0046,$12,HD,Some ads,2 screens,3
R0046,$16,4K,No ads,2 screens,6
R0046,$12,4K,Some ads,4 screens,4
R0046,$8,HD,No ads,2 screens,5
R0046,$8,4K,No ads,1 screen,7
R0046,$8,HD,No ads,4 screens,4
R0046,$16,HD,Some ads,4 screens,2
R0046,$12,HD,No ads,1 screen,2
R0046,$16,HD,Some ads,2 screens,2
R0046,$16,4K,Some ads,2 screens,4
R0046,$16,HD,No ads,2 screens,4
R0046,$12,HD,Some ads,1 screen,2
R0047,$8,HD,Some ads,2 screens,2
R0047,$16,HD,Some ads,1 screen,1
R0047,$12,4K,Some ads,4 screens,8
R0047,$16,HD,Some ads,4 screens,3
R0047,$8,4K,No ads,4 screens,10
R0047,$8,4K,Some ads,4 screens,7
R0047,$8,HD,Some ads,1 screen,5
R0047,$16,4K,No ads,2 screens,7
R0047,$12,HD,No ads,4 screens,6
R0047,$8,HD,No ads,4 screens,9
R0047,$12,4K,Some ads,2 screens,3
R0047,$8,HD,No ads,2 screens,6
R0048,$16,HD,Some ads,4 screens,4
R0048,$8,HD,Some ads,1 screen,6
R0048,$16,4K,No ads,4 screens,8
R0048,$12,HD,Some ads,1 screen,5
R0048,$12,HD,No ads,4 screens,6
R0048,$8,4K,Some ads,4 screens,9
R0048,$8,4K,Some ads,1 screen,9
R0048,$16,HD,No ads,4 screens,5
R0048,$8,HD,No ads,2 screens,8
R0048,$12,HD,Some ads,2 screens,5
R0048,$8,HD,Some ads,4 screens,8
R0048,$16,4K,No ads,2 screens,8
R0049,$8,HD,Some ads,1 screen,3
R0049,$16,4K,Some ads,4 screens,4
R0049,$12,4K,Some ads,4 screens,7
R0049,$12,4K,Some ads,2 screens,6
R0049,$12,HD,Some ads,2 screens,4
R0049,$12,HD,Some ads,1 screen,6
R0049,$8,HD,Some ads,2 screens,4
R0049,$8,4K,No ads,4 screens,7
R0049,$16,HD,Some ads,2 screens,1
R0049,$12,4K,No ads,4 screens,8
R0049,$8,4K,Some ads,2 screens,6
R0049,$12,4K,No ads,1 screen,7
R0050,$12,HD,Some ads,2 screens,1
R0050,$16,4K,Some ads,4 screens,6
R0050,$12,4K,Some ads,1 screen,6
R0050,$8,4K,No ads,2 screens,10
R0050,$12,4K,No ads,2 screens,7
R0050,$12,HD,No ads,4 screens,7
R0050,$8,4K,No ads,1 screen,9
R0050,$12,HD,No ads,2 screens,7
R0050,$16,4K,Some ads,2 screens,6
R0050,$16,HD,No ads,4 screens,6
R0050,$16,HD,No ads,2 screens,6
R0050,$16,4K,Some ads,1 screen,3
R0051,$12,4K,Some ads,1 screen,4
R0051,$12,4K,Some ads,4 screens,4
R0051,$12,4K,No ads,2 screens,6
R0051,$8,HD,No ads,1 screen,6
R0051,$12,4K,No ads,4 screens,6
R0051,$16,HD,No ads,2 screens,6
R0051,$16,4K,No ads,2 screens,4
R0051,$8,HD,Some ads,2 screens,5
R0051,$8,4K,No ads,4 screens,7
R0051,$8,HD,No ads,2 screens,5
R0051,$16,4K,Some ads,2 screens,3
R0051,$8,4K,No ads,1 screen,6
R0052,$16,HD,No ads,2 screens,6
R0052,$16,4K,No ads,2 screens,6
R0052,$12,4K,No ads,4 screens,9
R0052,$8,4K,Some ads,4 screens,7
R0052,$12,HD,Some ads,4 screens,4
R0052,$16,4K,Some ads,2 screens,1
R0052,$8,HD,Some ads,2 screens,2
R0052,$8,HD,Some ads,4 screens,3
R0052,$12,4K,No ads,2 screens,7
R0052,$16,HD,Some ads,2 screens,1
R0052,$16,4K,No ads,4 screens,8
R0052,$8,HD,No ads,4 screens,7
R0053,$12,4K,No ads,2 screens,6
R0053,$16,4K,No ads,4 screens,5
R0053,$16,HD,Some ads,4 screens,4
R0053,$8,HD,Some ads,1 screen,5
R0053,$16,4K,No ads,1 screen,6
R0053,$12,4K,No ads,4 screens,6
R0053,$16,4K,No ads,2 screens,5
R0053,$16,HD,No ads,2 screens,1
R0053,$8,4K,Some ads,2 screens,7
R0053,$8,4K,No ads,4 screens,6
R0053,$12,HD,Some ads,1 screen,4
R0053,$12,HD,Some ads,4 screens,4
R0054,$8,HD,Some ads,4 screens,5
R0054,$12,HD,No ads,2 screens,3
R0054,$16,4K,Some ads,4 screens,6
R0054,$16,4K,Some ads,1 screen,6
R0054,$8,4K,No ads,4 screens,8
R0054,$8,HD,No ads,4 screens,7
R0054,$12,4K,Some ads,4 screens,5
R0054,$16,HD,Some ads,2 screens,2
R0054,$12,4K,Some ads,1 screen,3
R0054,$12,HD,No ads,4 screens,6
R0054,$12,HD,Some ads,4 screens,2
R0054,$12,HD,Some ads,1 screen,2
R0055,$8,4K,No ads,2 screens,9
R0055,$12,HD,No ads,4 screens,6
R0055,$12,4K,No ads,2 screens,7
R0055,$8,HD,Some ads,4 screens,4
R0055,$16,4K,Some ads,2 screens,5
R0055,$16,4K,No ads,4 screens,7
R0055,$8,4K,Some ads,4 screens,6
R0055,$8,HD,Some ads,2 screens,3
R0055,$12,4K,Some ads,4 screens,4
R0055,$16,HD,Some ads,1 screen,3
R0055,$8,HD,No ads,1 screen,7
R0055,$12,HD,Some ads,1 screen,4
R0056,$12,HD,Some ads,2 screens,5
R0056,$8,HD,No ads,2 screens,8
R0056,$16,4K,No ads,1 screen,7
R0056,$12,4K,No ads,2 screens,7
R0056,$12,4K,No ads,1 screen,5
R0056,$8,4K,Some ads,4 screens,7
R0056,$8,4K,No ads,1 screen,10
R0056,$8,HD,Some ads,2 screens,8
R0056,$16,4K,Some ads,4 screens,6
R0056,$12,4K,No ads,4 screens,8
R0056,$16,HD,Some ads,2 screens,4
R0056,$8,HD,No ads,4 screens,6
R0057,$8,4K,No ads,2 screens,10
R0057,$8,4K,Some ads,2 screens,6
R0057,$16,HD,Some ads,4 screens,1
R0057,$8,HD,Some ads,4 screens,5
R0057,$12,4K,Some ads,1 screen,8
R0057,$12,4K,Some ads,4 screens,5
R0057,$12,HD,No ads,4 screens,6
R0057,$12,HD,No ads,1 screen,6
R0057,$12,HD,Some ads,4 screens,5
R0057,$16,4K,Some ads,1 screen,3
R0057,$16,4K,No ads,1 screen,6
R0057,$16,4K,Some ads,2 screens,4
R0058,$8,HD,Some ads,1 screen,7
R0058,$12,HD,Some ads,1 screen,5
R0058,$8,4K,Some ads,1 screen,10
R0058,$8,HD,Some ads,4 screens,8
R0058,$12,HD,No ads,4 screens,6
R0058,$16,4K,No ads,1 screen,4
R0058,$8,HD,Some ads,2 screens,7
R0058,$8,4K,No ads,4 screens,10
R0058,$12,4K,Some ads,4 screens,10
R0058,$8,4K,Some ads,4 screens,10
R0058,$8,4K,No ads,2 screens,10
R0058,$12,4K,No ads,1 screen,9
R0059,$8,HD,Some ads,4 screens,4
R0059,$12,HD,No ads,2 screens,5
R0059,$8,4K,No ads,1 screen,9
R0059,$8,4K,Some ads,1 screen,8
R0059,$12,HD,Some ads,4 screens,5
R0059,$8,HD,No ads,4 screens,9
R0059,$16,4K,No ads,4 screens,8
R0059,$8,HD,No ads,2 screens,7
R0059,$8,HD,Some ads,1 screen,4
R0059,$16,4K,Some ads,4 screens,5
R0059,$8,4K,Some ads,2 screens,8
R0059,$12,HD,No ads,1 screen,4
R0060,$16,HD,No ads,1 screen,3
R0060,$16,HD,Some ads,1 screen,3
R0060,$12,HD,No ads,4 screens,6
R0060,$8,4K,No ads,1 screen,7
R0060,$12,HD,No ads,2 screens,5
R0060,$8,HD,Some ads,4 screens,8
R0060,$16,4K,No ads,4 screens,6
R0060,$16,HD,Some ads,4 screens,6
R0060,$12,4K,No ads,1 screen,5
R0060,$12,4K,Some ads,2 screens,4
R0060,$8,4K,No ads,4 screens,10
R0060,$16,4K,Some ads,4 screens,6
R0061,$12,HD,No ads,1 screen,6
R0061,$16,HD,Some ads,1 screen,2
R0061,$16,4K,No ads,2 screens,5
R0061,$16,4K,No ads,4 screens,5
R0061,$16,HD,No ads,4 screens,6
R0061,$12,4K,No ads,4 screens,7
R0061,$8,HD,No ads,1 screen,5
R0061,$12,4K,Some ads,4 screens,8
R0061,$12,4K,No ads,2 screens,6
R0061,$8,4K,No ads,4 screens,10
R0061,$16,4K,Some ads,4 screens,4
R0061,$12,HD,No ads,2 screens,6
R0062,$12,HD,Some ads,2 screens,4
R0062,$12,4K,No ads,2 screens,8
R0062,$12,4K,No ads,1 screen,7
R0062,$12,4K,No ads,4 screens,9
R0062,$16,HD,Some ads,1 screen,2
R0062,$8,4K,Some ads,4 screens,6
R0062,$16,HD,No ads,4 screens,6
R0062,$12,4K,Some ads,2 screens,6
R0062,$8,4K,Some ads,2 screens,6
R0062,$16,4K,No ads,4 screens,8
R0062,$8,HD,Some ads,1 screen,2
R0062,$12,HD,No ads,1 screen,5
R0063,$12,HD,Some ads,4 screens,5
R0063,$8,4K,Some ads,1 screen,4
R0063,$8,HD,Some ads,4 screens,6
R0063,$12,4K,No ads,1 screen,8
R0063,$16,4K,No ads,4 screens,7
R0063,$12,4K,Some ads,4 screens,7
R0063,$16,4K,Some ads,2 screens,7
R0063,$12,HD,No ads,2 screens,7
R0063,$16,HD,Some ads,4 screens,2
R0063,$12,HD,Some ads,1 screen,5
R0063,$8,4K,No ads,4 screens,9
R0063,$16,HD,Some ads,1 screen,2
R0064,$8,4K,No ads,4 screens,10
R0064,$16,4K,Some ads,1 screen,1
R0064,$16,4K,Some ads,4 screens,5
R0064,$8,HD,No ads,4 screens,10
R0064,$8,4K,No ads,1 screen,10
R0064,$12,HD,Some ads,4 screens,3
R0064,$8,HD,Some ads,2 screens,4
R0064,$12,4K,No ads,4 screens,7
R0064,$12,4K,Some ads,1 screen,5
R0064,$8,4K,Some ads,4 screens,7
R0064,$16,HD,Some ads,2 screens,3
R0064,$16,HD,No ads,4 screens,6
R0065,$16,HD,Some ads,4 screens,1
R0065,$12,4K,Some ads,4 screens,5
R0065,$16,4K,No ads,2 screens,6
R0065,$16,HD,No ads,1 screen,2
R0065,$12,HD,No ads,4 screens,4
R0065,$8,4K,Some ads,2 screens,5
R0065,$12,4K,Some ads,2 screens,4
R0065,$12,HD,No ads,2 screens,5
R0065,$8,HD,Some ads,1 screen,3
R0065,$12,HD,Some ads,1 screen,2
R0065,$16,4K,Some ads,4 screens,4
R0065,$12,4K,No ads,4 screens,8
R0066,$16,4K,No ads,1 screen,6
R0066,$16,HD,No ads,4 screens,5
R0066,$12,4K,No ads,1 screen,6
R0066,$16,4K,Some ads,4 screens,5
R0066,$8,4K,No ads,4 screens,10
R0066,$16,4K,Some ads,2 screens,5
R0066,$8,HD,Some ads,1 screen,6
R0066,$12,HD,Some ads,4 screens,2
R0066,$8,4K,Some ads,2 screens,6
R0066,$12,HD,No ads,1 screen,5
R0066,$12,HD,Some ads,1 screen,4
R0066,$8,HD,Some ads,2 screens,5
R0067,$16,HD,Some ads,2 screens,6
R0067,$16,HD,No ads,2 screens,7
R0067,$12,HD,No ads,1 screen,9
R0067,$12,HD,No ads,4 screens,8
R0067,$12,HD,Some ads,4 screens,8
R0067,$8,HD,No ads,2 screens,8
R0067,$16,HD,Some ads,4 screens,5
R0067,$12,4K,No ads,2 screens,9
R0067,$16,HD,No ads,1 screen,7
R0067,$12,4K,No ads,1 screen,6
R0067,$16,4K,No ads,1 screen,5
R0067,$12,4K,Some ads,1 screen,6
R0068,$16,4K,Some ads,1 screen,6
R0068,$12,HD,Some ads,4 screens,8
R0068,$8,HD,No ads,2 screens,7
R0068,$8,4K,No ads,4 screens,10
R0068,$12,4K,No ads,1 screen,9
R0068,$12,4K,Some ads,2 screens,8
R0068,$8,4K,Some ads,4 screens,6
R0068,$16,HD,Some ads,2 screens,5
R0068,$8,4K,Some ads,1 screen,6
R0068,$16,4K,No ads,4 screens,10
R0068,$16,4K,No ads,2 screens,7
R0068,$16,HD,Some ads,4 screens,6
R0069,$8,HD,No ads,1 screen,5
R0069,$16,4K,No ads,4 screens,6
R0069,$16,4K,No ads,1 screen,8
R0069,$12,HD,Some ads,2 screens,6
R0069,$8,4K,No ads,2 screens,9
R0069,$16,4K,No ads,2 screens,5
R0069,$12,HD,No ads,4 screens,5
R0069,$8,4K,No ads,4 screens,8
R0069,$12,HD,No ads,1 screen,6
R0069,$16,HD,No ads,2 screens,7
R0069,$8,HD,No ads,4 screens,6
R0069,$16,HD,Some ads,1 screen,3
R0070,$8,4K,No ads,2 screens,9
R0070,$16,HD,No ads,2 screens,4
R0070,$16,HD,No ads,4 screens,7
R0070,$16,4K,Some ads,1 screen,4
R0070,$16,4K,Some ads,4 screens,4
R0070,$8,4K,No ads,1 screen,6
R0070,$12,HD,No ads,1 screen,7
R0070,$12,4K,No ads,2 screens,8
R0070,$12,4K,Some ads,2 screens,6
R0070,$8,4K,Some ads,4 screens,6
R0070,$16,HD,Some ads,4 screens,3
R0070,$8,HD,No ads,4 screens,8
R0071,$8,HD,Some ads,4 screens,4
R0071,$16,4K,No ads,4 screens,4
R0071,$12,4K,Some ads,1 screen,5
R0071,$8,HD,No ads,1 screen,6
R0071,$12,HD,No ads,4 screens,4
R0071,$16,HD,Some ads,4 screens,4
R0071,$16,4K,Some ads,4 screens,3
R0071,$8,HD,Some ads,2 screens,5
R0071,$8,4K,Some ads,4 screens,6
R0071,$16,HD,No ads,4 screens,4
R0071,$8,HD,No ads,2 screens,8
R0071,$8,4K,No ads,1 screen,7
R0072,$16,HD,No ads,2 screens,5
R0072,$16,HD,No ads,1 screen,5
R0072,$16,4K,No ads,4 screens,5
R0072,$12,4K,Some ads,4 screens,7
R0072,$16,4K,No ads,2 screens,5
R0072,$12,HD,No ads,2 screens,6
R0072,$8,4K,Some ads,1 screen,8
R0072,$8,4K,No ads,1 screen,7
R0072,$12,4K,No ads,4 screens,8
R0072,$8,4K,No ads,2 screens,8
R0072,$16,HD,Some ads,4 screens,1
R0072,$12,HD,No ads,1 screen,6
R0073,$12,HD,No ads,1 screen,6
R0073,$12,HD,No ads,4 screens,8
R0073,$16,HD,Some ads,1 screen,3
R0073,$12,HD,No ads,2 screens,8
R0073,$8,HD,Some ads,1 screen,7
R0073,$16,4K,Some ads,2 screens,5
R0073,$16,HD,Some ads,4 screens,5
R0073,$8,HD,Some ads,2 screens,5
R0073,$12,4K,Some ads,2 screens,6
R0073,$8,4K,Some ads,1 screen,8
R0073,$12,4K,No ads,1 screen,8
R0073,$8,HD,Some ads,4 screens,7
R0074,$8,4K,Some ads,4 screens,6
R0074,$16,4K,Some ads,2 screens,4
R0074,$16,4K,No ads,1 screen,6
R0074,$12,HD,Some ads,2 screens,3
R0074,$16,4K,No ads,2 screens,8
R0074,$8,4K,Some ads,2 screens,6
R0074,$12,4K,Some ads,2 screens,6
R0074,$12,HD,No ads,4 screens,7
R0074,$8,HD,Some ads,2 screens,6
R0074,$12,4K,No ads,4 screens,8
R0074,$16,HD,Some ads,2 screens,3
R0074,$16,HD,Some ads,4 screens,3
R0075,$16,4K,No ads,4 screens,7
R0075,$8,HD,No ads,1 screen,6
R0075,$8,HD,No ads,4 screens,8
R0075,$16,HD,No ads,2 screens,3
R0075,$16,4K,No ads,2 screens,7
R0075,$12,HD,Some ads,4 screens,1
R0075,$8,4K,Some ads,1 screen,7
R0075,$12,4K,No ads,1 screen,4
R0075,$16,4K,No ads,1 screen,4
R0075,$12,4K,Some ads,2 screens,6
R0075,$12,HD,No ads,2 screens,4
R0075,$16,4K,Some ads,2 screens,6
R0076,$8,HD,Some ads,2 screens,7
R0076,$12,4K,Some ads,2 screens,7
R0076,$8,4K,Some ads,2 screens,9
R0076,$16,HD,Some ads,1 screen,2
R0076,$8,HD,No ads,2 screens,9
R0076,$8,4K,Some ads,4 screens,6
R0076,$12,HD,Some ads,2 screens,5
R0076,$16,4K,Some ads,1 screen,6
R0076,$8,4K,No ads,2 screens,10
R0076,$16,HD,Some ads,2 screens,4
R0076,$8,HD,Some ads,1 screen,4
R0076,$16,4K,No ads,2 screens,7
R0077,$12,4K,No ads,4 screens,10
R0077,$16,4K,Some ads,1 screen,4
R0077,$12,HD,Some ads,2 screens,3
R0077,$12,HD,No ads,1 screen,4
R0077,$16,HD,No ads,2 screens,3
R0077,$8,4K,No ads,1 screen,10
R0077,$12,4K,No ads,1 screen,8
R0077,$16,HD,No ads,1 screen,4
R0077,$8,4K,Some ads,4 screens,8
R0077,$12,HD,Some ads,4 screens,4
R0077,$16,4K,Some ads,4 screens,3
R0077,$8,4K,No ads,4 screens,9
R0078,$12,4K,Some ads,1 screen,7
R0078,$12,4K,Some ads,2 screens,8
R0078,$8,HD,Some ads,1 screen,7
R0078,$16,4K,Some ads,1 screen,4
R0078,$16,HD,Some ads,4 screens,2
R0078,$16,4K,No ads,2 screens,8
R0078,$16,HD,Some ads,2 screens,3
R0078,$8,HD,No ads,2 screens,9
R0078,$12,HD,No ads,4 screens,6
R0078,$8,4K,Some ads,4 screens,7
R0078,$16,HD,No ads,1 screen,6
R0078,$16,4K,Some ads,2 screens,6
R0079,$12,HD,No ads,1 screen,5
R0079,$16,HD,No ads,2 screens,5
R0079,$12,4K,Some ads,4 screens,9
R0079,$16,4K,Some ads,1 screen,4
R0079,$16,HD,Some ads,1 screen,3
R0079,$8,HD,Some ads,2 screens,5
R0079,$8,4K,No ads,4 screens,10
R0079,$12,HD,Some ads,4 screens,5
R0079,$8,4K,Some ads,1 screen,8
R0079,$8,HD,Some ads,4 screens,8
R0079,$12,4K,No ads,1 screen,7
R0079,$16,4K,No ads,2 screens,8
R0080,$16,4K,Some ads,1 screen,7
R0080,$8,4K,Some ads,2 screens,5
R0080,$12,4K,Some ads,2 screens,8
R0080,$12,4K,No ads,2 screens,8
R0080,$16,HD,Some ads,4 screens,6
R0080,$12,4K,Some ads,4 screens,6
R0080,$16,HD,No ads,4 screens,8
R0080,$16,HD,Some ads,1 screen,5
R0080,$8,HD,Some ads,2 screens,6
R0080,$8,4K,Some ads,4 screens,8
R0080,$8,4K,Some ads,1 screen,5
R0080,$12,4K,No ads,1 screen,6
R0081,$8,HD,No ads,4 screens,10
R0081,$16,HD,Some ads,1 screen,3
R0081,$16,4K,No ads,4 screens,9
R0081,$12,4K,No ads,1 screen,8
R0081,$8,4K,Some ads,1 screen,7
R0081,$8,HD,No ads,2 screens,10
R0081,$12,HD,No ads,2 screens,7
R0081,$12,HD,Some ads,4 screens,5
R0081,$12,HD,Some ads,1 screen,2
R0081,$8,HD,Some ads,4 screens,7
R0081,$8,4K,No ads,4 screens,10
R0081,$8,4K,No ads,2 screens,10
R0082,$8,4K,Some ads,4 screens,7
R0082,$16,4K,No ads,1 screen,7
R0082,$12,4K,No ads,2 screens,5
R0082,$16,4K,Some ads,2 screens,1
R0082,$16,4K,Some ads,4 screens,4
R0082,$16,HD,No ads,2 screens,4
R0082,$16,HD,No ads,1 screen,2
R0082,$16,HD,Some ads,1 screen,3
R0082,$16,4K,Some ads,1 screen,4
R0082,$8,HD,Some ads,2 screens,2
R0082,$8,HD,No ads,2 screens,8
R0082,$12,4K,Some ads,4 screens,3
R0083,$8,4K,No ads,1 screen,7
R0083,$8,4K,Some ads,4 screens,10
R0083,$16,HD,Some ads,4 screens,1
R0083,$8,4K,Some ads,1 screen,5
R0083,$12,4K,Some ads,1 screen,1
R0083,$16,4K,No ads,1 screen,6
R0083,$12,4K,No ads,1 screen,6
R0083,$16,HD,No ads,1 screen,2
R0083,$12,HD,Some ads,1 screen,2
R0083,$8,HD,No ads,4 screens,9
R0083,$16,4K,Some ads,4 screens,3
R0083,$16,4K,No ads,2 screens,4
R0084,$16,HD,Some ads,2 screens,2
R0084,$8,4K,Some ads,4 screens,9
R0084,$16,HD,Some ads,1 screen,2
R0084,$12,4K,No ads,4 screens,7
R0084,$16,HD,No ads,4 screens,2
R0084,$12,4K,No ads,2 screens,7
R0084,$12,HD,Some ads,4 screens,4
R0084,$12,HD,Some ads,2 screens,4
R0084,$16,HD,Some ads,4 screens,2
R0084,$16,4K,Some ads,4 screens,6
R0084,$16,4K,No ads,1 screen,4
R0084,$8,4K,Some ads,2 screens,9
R0085,$8,HD,No ads,2 screens,7
R0085,$12,HD,No ads,4 screens,6
R0085,$8,HD,Some ads,4 screens,5
R0085,$16,HD,No ads,4 screens,2
R0085,$16,4K,No ads,1 screen,7
R0085,$16,4K,Some ads,1 screen,3
R0085,$8,4K,No ads,2 screens,8
R0085,$12,HD,No ads,2 screens,7
R0085,$12,4K,No ads,4 screens,7
R0085,$16,4K,Some ads,2 screens,5
R0085,$16,HD,No ads,1 screen,4
R0085,$16,HD,No ads,2 screens,3
R0086,$8,HD,No ads,4 screens,9
R0086,$8,4K,Some ads,1 screen,10
R0086,$16,4K,Some ads,4 screens,5
R0086,$8,HD,Some ads,1 screen,6
R0086,$16,4K,No ads,2 screens,8
R0086,$12,HD,No ads,1 screen,6
R0086,$12,HD,No ads,4 screens,8
R0086,$8,HD,Some ads,2 screens,8
R0086,$12,4K,No ads,4 screens,9
R0086,$8,HD,No ads,1 screen,9
R0086,$16,4K,Some ads,1 screen,4
R0086,$12,HD,No ads,2 screens,9
R0087,$8,4K,Some ads,4 screens,4
R0087,$8,HD,Some ads,2 screens,5
R0087,$12,HD,No ads,2 screens,7
R0087,$16,4K,No ads,2 screens,4
R0087,$16,4K,No ads,4 screens,4
R0087,$8,HD,Some ads,4 screens,5
R0087,$8,4K,No ads,1 screen,9
R0087,$16,HD,No ads,2 screens,2
R0087,$8,HD,No ads,4 screens,7
R0087,$8,HD,No ads,2 screens,8
R0087,$12,4K,Some ads,4 screens,6
R0087,$16,4K,Some ads,1 screen,3
R0088,$16,4K,Some ads,1 screen,5
R0088,$12,4K,Some ads,2 screens,5
R0088,$8,HD,Some ads,4 screens,7
R0088,$12,4K,No ads,4 screens,10
R0088,$8,HD,No ads,1 screen,6
R0088,$8,HD,No ads,2 screens,7
R0088,$12,4K,No ads,1 screen,8
R0088,$16,HD,Some ads,2 screens,1
R0088,$12,HD,Some ads,4 screens,5
R0088,$8,4K,Some ads,4 screens,7
R0088,$16,HD,Some ads,1 screen,3
R0088,$12,HD,Some ads,1 screen,6
R0089,$12,HD,Some ads,1 screen,1
R0089,$12,4K,Some ads,2 screens,6
R0089,$16,4K,No ads,1 screen,6
R0089,$8,HD,Some ads,1 screen,4
R0089,$16,4K,No ads,4 screens,5
R0089,$8,4K,Some ads,1 screen,7
R0089,$16,HD,No ads,1 screen,3
R0089,$16,4K,Some ads,4 screens,5
R0089,$12,HD,No ads,1 screen,3
R0089,$8,4K,Some ads,2 screens,10
R0089,$12,HD,Some ads,4 screens,3
R0089,$12,HD,Some ads,2 screens,5
R0090,$8,HD,Some ads,1 screen,4
R0090,$12,HD,No ads,1 screen,5
R0090,$16,4K,Some ads,2 screens,5
R0090,$8,4K,No ads,1 screen,9
R0090,$12,HD,Some ads,2 screens,3
R0090,$16,HD,Some ads,1 screen,1
R0090,$12,4K,No ads,4 screens,5
R0090,$8,HD,No ads,4 screens,5
R0090,$16,4K,Some ads,1 screen,3
R0090,$8,HD,No ads,2 screens,6
R0090,$12,HD,No ads,2 screens,5
R0090,$12,4K,Some ads,2 screens,5
R0091,$12,4K,No ads,2 screens,7
R0091,$8,4K,Some ads,4 screens,9
R0091,$12,4K,Some ads,4 screens,6
R0091,$12,HD,Some ads,4 screens,5
R0091,$16,HD,Some ads,2 screens,4
R0091,$16,HD,No ads,1 screen,2
R0091,$12,4K,Some ads,1 screen,5
R0091,$8,4K,No ads,2 screens,9
R0091,$16,HD,Some ads,4 screens,3
R0091,$12,HD,No ads,1 screen,3
R0091,$8,HD,Some ads,1 screen,5
R0091,$12,HD,Some ads,1 screen,3
R0092,$8,HD,Some ads,1 screen,7
R0092,$8,4K,No ads,2 screens,10
R0092,$16,HD,Some ads,1 screen,4
R0092,$8,4K,No ads,1 screen,10
R0092,$16,HD,No ads,1 screen,7
R0092,$8,4K,No ads,4 screens,10
R0092,$12,HD,No ads,1 screen,5
R0092,$8,4K,Some ads,4 screens,9
R0092,$8,HD,No ads,2 screens,10
R0092,$8,HD,No ads,4 screens,10
R0092,$12,4K,Some ads,2 screens,6
R0092,$16,4K,Some ads,2 screens,7
R0093,$16,4K,Some ads,1 screen,3
R0093,$16,4K,Some ads,2 screens,6
R0093,$8,4K,Some ads,1 screen,5
R0093,$12,HD,No ads,2 screens,6
R0093,$12,4K,No ads,4 screens,6
R0093,$12,HD,Some ads,4 screens,4
R0093,$16,HD,Some ads,2 screens,3
R0093,$8,4K,Some ads,2 screens,8
R0093,$8,HD,Some ads,2 screens,5
R0093,$16,HD,No ads,4 screens,4
R0093,$8,HD,Some ads,4 screens,4
R0093,$16,HD,Some ads,4 screens,2
R0094,$12,HD,Some ads,2 screens,3
R0094,$12,HD,No ads,1 screen,3
R0094,$16,HD,Some ads,2 screens,1
R0094,$16,4K,No ads,1 screen,3
R0094,$16,HD,No ads,1 screen,2
R0094,$8,4K,No ads,4 screens,9
R0094,$16,HD,No ads,4 screens,6
R0094,$8,HD,Some ads,4 screens,5
R0094,$8,HD,No ads,4 screens,6
R0094,$16,4K,No ads,2 screens,2
R0094,$12,4K,No ads,2 screens,7
R0094,$12,HD,No ads,4 screens,6
R0095,$8,HD,Some ads,2 screens,4
R0095,$8,HD,Some ads,1 screen,5
R0095,$16,HD,No ads,4 screens,4
R0095,$16,4K,Some ads,1 screen,6
R0095,$8,4K,No ads,2 screens,8
R0095,$12,HD,No ads,1 screen,2
R0095,$12,HD,Some ads,2 screens,5
R0095,$12,4K,No ads,4 screens,6
R0095,$16,HD,Some ads,2 screens,3
R0095,$8,4K,No ads,4 screens,9
R0095,$16,4K,Some ads,2 screens,5
R0095,$16,4K,No ads,4 screens,6
R0096,$16,HD,No ads,4 screens,3
R0096,$12,HD,No ads,4 screens,6
R0096,$8,HD,Some ads,2 screens,8
R0096,$8,4K,Some ads,2 screens,9
R0096,$16,4K,No ads,2 screens,8
R0096,$8,HD,No ads,1 screen,8
R0096,$8,4K,Some ads,4 screens,9
R0096,$8,HD,Some ads,1 screen,5
R0096,$8,4K,No ads,1 screen,8
R0096,$12,4K,Some ads,2 screens,8
R0096,$12,4K,No ads,2 screens,7
R0096,$8,HD,Some ads,4 screens,6
R0097,$8,HD,No ads,1 screen,7
R0097,$12,4K,No ads,2 screens,9
R0097,$16,4K,No ads,2 screens,6
R0097,$12,HD,No ads,2 screens,6
R0097,$16,4K,Some ads,1 screen,7
R0097,$16,4K,Some ads,2 screens,5
R0097,$16,4K,No ads,4 screens,8
R0097,$16,4K,Some ads,4 screens,8
R0097,$12,4K,Some ads,1 screen,6
R0097,$12,4K,No ads,4 screens,7
R0097,$12,4K,Some ads,2 screens,3
R0097,$16,HD,No ads,4 screens,6
R0098,$16,4K,No ads,4 screens,7
R0098,$16,HD,Some ads,2 screens,3
R0098,$12,HD,Some ads,4 screens,6
R0098,$16,HD,No ads,2 screens,4
R0098,$8,HD,Some ads,4 screens,4
R0098,$16,HD,Some ads,4 screens,2
R0098,$12,4K,No ads,4 screens,9
R0098,$16,4K,Some ads,2 screens,4
R0098,$8,HD,Some ads,1 screen,6
R0098,$8,HD,No ads,2 screens,7
R0098,$8,4K,Some ads,1 screen,6
R0098,$16,HD,No ads,4 screens,1
R0099,$12,HD,No ads,4 screens,5
R0099,$8,HD,Some ads,4 screens,7
R0099,$16,HD,Some ads,1 screen,1
R0099,$12,HD,Some ads,2 screens,4
R0099,$16,4K,Some ads,4 screens,3
R0099,$12,HD,No ads,1 screen,3
R0099,$12,HD,Some ads,4 screens,3
R0099,$16,HD,No ads,2 screens,3
R0099,$8,4K,Some ads,4 screens,5
R0099,$16,4K,No ads,1 screen,4
R0099,$8,4K,No ads,1 screen,6
R0099,$8,4K,Some ads,1 screen,5
R0100,$16,HD,No ads,1 screen,4
R0100,$16,4K,No ads,2 screens,6
R0100,$16,4K,Some ads,2 screens,5
R0100,$12,HD,No ads,2 screens,6
R0100,$16,4K,Some ads,4 screens,6
R0100,$16,HD,No ads,2 screens,5
R0100,$8,4K,Some ads,1 screen,5
R0100,$12,HD,Some ads,2 screens,6
R0100,$8,HD,Some ads,1 screen,5
R0100,$12,HD,No ads,4 screens,6
R0100,$12,4K,Some ads,4 screens,5
R0100,$12,HD,No ads,1 screen,6
R0101,$12,4K,Some ads,4 screens,4
R0101,$16,HD,No ads,4 screens,4
R0101,$16,4K,No ads,4 screens,4
R0101,$12,4K,No ads,2 screens,5
R0101,$12,HD,Some ads,4 screens,3
R0101,$12,4K,Some ads,2 screens,5
R0101,$8,4K,No ads,2 screens,7
R0101,$16,HD,Some ads,4 screens,1
R0101,$8,HD,Some ads,2 screens,4
R0101,$16,HD,No ads,2 screens,6
R0101,$16,HD,Some ads,1 screen,3
R0101,$16,4K,Some ads,1 screen,6
R0102,$16,4K,No ads,1 screen,5
R0102,$12,HD,No ads,2 screens,5
R0102,$16,4K,No ads,2 screens,6
R0102,$16,HD,No ads,4 screens,7
R0102,$8,4K,Some ads,2 screens,6
R0102,$16,HD,No ads,1 screen,4
R0102,$12,4K,Some ads,4 screens,3
R0102,$8,HD,Some ads,4 screens,5
R0102,$12,HD,Some ads,4 screens,2
R0102,$16,4K,Some ads,1 screen,1
R0102,$16,HD,Some ads,1 screen,2
R0102,$8,4K,Some ads,1 screen,4
R0103,$12,4K,Some ads,2 screens,8
R0103,$8,4K,No ads,1 screen,8
R0103,$12,HD,No ads,4 screens,6
R0103,$8,HD,No ads,4 screens,8
R0103,$8,HD,Some ads,1 screen,3
R0103,$8,HD,Some ads,4 screens,7
R0103,$12,HD,Some ads,2 screens,5
R0103,$8,4K,Some ads,1 screen,5
R0103,$16,4K,No ads,4 screens,6
R0103,$12,HD,No ads,2 screens,7
R0103,$12,4K,Some ads,4 screens,6
R0103,$8,4K,Some ads,4 screens,7
R0104,$12,HD,No ads,1 screen,6
R0104,$16,4K,Some ads,4 screens,6
R0104,$12,4K,Some ads,2 screens,4
R0104,$12,4K,Some ads,4 screens,5
R0104,$16,HD,No ads,2 screens,6
R0104,$12,4K,Some ads,1 screen,4
R0104,$12,4K,No ads,1 screen,8
R0104,$12,HD,No ads,2 screens,6
R0104,$16,HD,No ads,1 screen,5
R0104,$8,4K,Some ads,4 screens,4
R0104,$16,HD,Some ads,1 screen,1
R0104,$8,4K,Some ads,2 screens,5
R0105,$8,HD,Some ads,1 screen,3
R0105,$12,HD,Some ads,1 screen,1
R0105,$12,4K,No ads,4 screens,9
R0105,$8,HD,No ads,4 screens,7
R0105,$8,4K,No ads,2 screens,7
R0105,$8,HD,Some ads,4 screens,6
R0105,$8,4K,Some ads,2 screens,6
R0105,$8,4K,No ads,1 screen,9
R0105,$12,HD,No ads,4 screens,7
R0105,$8,4K,Some ads,1 screen,5
R0105,$16,HD,No ads,1 screen,3
R0105,$12,4K,No ads,1 screen,6
R0106,$12,4K,No ads,2 screens,10
R0106,$8,HD,No ads,4 screens,10
R0106,$12,4K,Some ads,1 screen,5
R0106,$12,4K,No ads,4 screens,9
R0106,$16,4K,Some ads,1 screen,5
R0106,$12,HD,Some ads,2 screens,5
R0106,$12,4K,No ads,1 screen,8
R0106,$8,4K,Some ads,2 screens,9
R0106,$16,HD,Some ads,1 screen,2
R0106,$16,HD,Some ads,2 screens,4
R0106,$12,HD,No ads,4 screens,9
R0106,$16,4K,No ads,2 screens,5
R0107,$12,HD,No ads,4 screens,4
R0107,$12,4K,No ads,2 screens,6
R0107,$16,HD,No ads,4 screens,3
R0107,$16,HD,Some ads,4 screens,1
R0107,$8,4K,No ads,2 screens,8
R0107,$8,4K,Some ads,1 screen,5
R0107,$12,HD,Some ads,2 screens,1
R0107,$16,4K,No ads,4 screens,6
R0107,$8,HD,No ads,2 screens,7
R0107,$8,4K,Some ads,4 screens,7
R0107,$16,HD,Some ads,2 screens,2
R0107,$8,4K,Some ads,2 screens,8
R0108,$16,4K,Some ads,4 screens,5
R0108,$12,4K,Some ads,2 screens,7
R0108,$8,4K,Some ads,4 screens,6
R0108,$8,HD,Some ads,2 screens,3
R0108,$12,HD,Some ads,1 screen,3
R0108,$16,HD,Some ads,1 screen,1
R0108,$16,4K,Some ads,1 screen,4
R0108,$12,HD,No ads,1 screen,5
R0108,$16,HD,Some ads,2 screens,3
R0108,$12,4K,No ads,2 screens,8
R0108,$16,4K,Some ads,2 screens,4
R0108,$16,HD,No ads,4 screens,4
R0109,$8,HD,No ads,4 screens,9
R0109,$8,4K,Some ads,1 screen,8
R0109,$12,HD,Some ads,4 screens,6
R0109,$8,HD,Some ads,4 screens,5
R0109,$8,4K,No ads,1 screen,9
R0109,$8,4K,Some ads,4 screens,10
R0109,$12,4K,No ads,2 screens,9
R0109,$8,4K,No ads,4 screens,10
R0109,$12,HD,No ads,4 screens,5
R0109,$8,4K,Some ads,2 screens,10
R0109,$12,4K,Some ads,1 screen,5
R0109,$12,4K,Some ads,4 screens,8
R0110,$16,4K,No ads,1 screen,6
R0110,$16,4K,Some ads,4 screens,6
R0110,$16,4K,Some ads,2 screens,4
R0110,$12,HD,Some ads,4 screens,5
R0110,$8,4K,No ads,1 screen,8
R0110,$8,4K,No ads,2 screens,7
R0110,$12,4K,No ads,2 screens,6
R0110,$12,HD,No ads,4 screens,7
R0110,$12,4K,No ads,1 screen,5
R0110,$8,HD,No ads,4 screens,6
R0110,$12,4K,Some ads,2 screens,5
R0110,$16,HD,No ads,4 screens,6
R0111,$12,4K,No ads,2 screens,9
R0111,$12,HD,No ads,2 screens,7
R0111,$16,HD,No ads,1 screen,4
R0111,$16,HD,Some ads,4 screens,3
R0111,$8,HD,Some ads,2 screens,6
R0111,$16,HD,No ads,4 screens,5
R0111,$12,4K,No ads,1 screen,6
R0111,$16,4K,Some ads,1 screen,5
R0111,$12,4K,Some ads,2 screens,9
R0111,$12,HD,Some ads,2 screens,3
R0111,$12,4K,Some ads,4 screens,7
R0111,$16,HD,No ads,2 screens,5
R0112,$8,HD,No ads,1 screen,5
R0112,$12,4K,Some ads,1 screen,3
R0112,$8,4K,No ads,2 screens,8
R0112,$8,HD,Some ads,4 screens,4
R0112,$12,HD,Some ads,4 screens,1
R0112,$8,HD,Some ads,1 screen,2
R0112,$12,4K,No ads,2 screens,7
R0112,$12,4K,No ads,4 screens,5
R0112,$8,4K,Some ads,1 screen,3
R0112,$12,4K,Some ads,2 screens,3
R0112,$16,HD,Some ads,1 screen,2
R0112,$16,4K,No ads,4 screens,6
R0113,$8,HD,No ads,4 screens,7
R0113,$12,4K,No ads,2 screens,7
R0113,$12,4K,Some ads,4 screens,5
R0113,$8,4K,No ads,2 screens,10
R0113,$16,HD,No ads,4 screens,8
R0113,$12,4K,No ads,4 screens,7
R0113,$16,4K,Some ads,4 screens,4
R0113,$16,HD,No ads,1 screen,5
R0113,$8,HD,No ads,2 screens,6
R0113,$8,4K,Some ads,4 screens,7
R0113,$16,HD,Some ads,4 screens,3
R0113,$8,HD,No ads,1 screen,9
R0114,$12,4K,No ads,2 screens,7
R0114,$16,4K,No ads,1 screen,5
R0114,$12,HD,No ads,1 screen,7
R0114,$12,4K,No ads,4 screens,9
R0114,$16,HD,Some ads,1 screen,4
R0114,$16,HD,No ads,4 screens,5
R0114,$16,4K,Some ads,1 screen,4
R0114,$8,4K,No ads,2 screens,6
R0114,$12,HD,Some ads,2 screens,5
R0114,$16,4K,Some ads,2 screens,2
R0114,$16,4K,No ads,2 screens,5
R0114,$8,4K,Some ads,1 screen,7
R0115,$8,HD,No ads,2 screens,9
R0115,$16,4K,Some ads,4 screens,6
R0115,$16,HD,No ads,2 screens,7
R0115,$16,HD,Some ads,1 screen,3
R0115,$8,HD,Some ads,1 screen,5
R0115,$12,4K,Some ads,1 screen,4
R0115,$12,4K,No ads,4 screens,9
R0115,$8,4K,No ads,2 screens,10
R0115,$12,HD,Some ads,2 screens,7
R0115,$12,HD,No ads,4 screens,5
R0115,$8,4K,No ads,4 screens,10
R0115,$8,4K,Some ads,2 screens,8
R0116,$8,HD,Some ads,1 screen,6
R0116,$16,HD,Some ads,4 screens,1
R0116,$16,4K,No ads,2 screens,4
R0116,$16,HD,Some ads,1 screen,4
R0116,$8,HD,Some ads,2 screens,6
R0116,$8,4K,Some ads,2 screens,6
R0116,$8,4K,No ads,1 screen,9
R0116,$8,HD,No ads,4 screens,8
R0116,$8,HD,No ads,1 screen,7
R0116,$12,4K,Some ads,4 screens,4
R0116,$12,4K,No ads,2 screens,7
R0116,$12,HD,No ads,4 screens,6
R0117,$16,HD,No ads,1 screen,2
R0117,$12,HD,Some ads,1 screen,3
R0117,$16,HD,No ads,2 screens,2
R0117,$12,4K,Some ads,4 screens,6
R0117,$16,4K,No ads,4 screens,5
R0117,$8,HD,Some ads,1 screen,2
R0117,$12,4K,Some ads,2 screens,5
R0117,$8,4K,Some ads,2 screens,6
R0117,$16,HD,Some ads,2 screens,2
R0117,$8,HD,No ads,4 screens,6
R0117,$16,HD,Some ads,1 screen,1
R0117,$16,4K,Some ads,2 screens,1
R0118,$12,HD,No ads,1 screen,5
R0118,$12,4K,Some ads,2 screens,5
R0118,$8,4K,Some ads,1 screen,4
R0118,$16,4K,No ads,2 screens,6
R0118,$12,HD,No ads,4 screens,8
R0118,$16,4K,Some ads,2 screens,4
R0118,$12,HD,No ads,2 screens,6
R0118,$8,4K,Some ads,2 screens,4
R0118,$12,HD,Some ads,1 screen,4
R0118,$16,4K,No ads,4 screens,4
R0118,$16,HD,No ads,4 screens,6
R0118,$8,HD,No ads,2 screens,8
R0119,$16,4K,Some ads,2 screens,3
R0119,$12,4K,Some ads,1 screen,2
R0119,$8,HD,No ads,2 screens,8
R0119,$12,HD,Some ads,4 screens,2
R0119,$16,HD,No ads,4 screens,3
R0119,$8,HD,No ads,1 screen,6
R0119,$8,4K,Some ads,2 screens,6
R0119,$12,HD,Some ads,2 screens,3
R0119,$16,HD,No ads,2 screens,5
R0119,$12,HD,No ads,2 screens,5
R0119,$8,4K,No ads,1 screen,6
R0119,$12,HD,Some ads,1 screen,3
R0120,$12,HD,Some ads,4 screens,4
R0120,$16,HD,No ads,1 screen,2
R0120,$8,4K,Some ads,1 screen,9
R0120,$16,HD,No ads,2 screens,1
R0120,$12,HD,No ads,1 screen,4
R0120,$12,4K,Some ads,4 screens,7
R0120,$12,4K,Some ads,1 screen,7
R0120,$8,HD,Some ads,4 screens,5
R0120,$16,4K,Some ads,1 screen,6
R0120,$8,HD,Some ads,1 screen,7
R0120,$12,4K,No ads,1 screen,4
R0120,$12,4K,No ads,4 screens,8
R0121,$12,HD,No ads,1 screen,5
R0121,$12,HD,Some ads,4 screens,4
R0121,$8,4K,Some ads,1 screen,7
R0121,$12,HD,No ads,2 screens,7
R0121,$16,HD,No ads,4 screens,3
R0121,$8,HD,Some ads,2 screens,6
R0121,$16,4K,Some ads,1 screen,6
R0121,$16,HD,No ads,1 screen,2
R0121,$16,HD,No ads,2 screens,4
R0121,$16,HD,Some ads,2 screens,2
R0121,$16,HD,Some ads,1 screen,1
R0121,$16,4K,No ads,4 screens,5
R0122,$16,HD,Some ads,2 screens,3
R0122,$8,4K,Some ads,2 screens,5
R0122,$8,HD,No ads,4 screens,6
R0122,$8,HD,No ads,1 screen,5
R0122,$8,HD,Some ads,2 screens,5
R0122,$8,HD,Some ads,1 screen,2
R0122,$16,HD,No ads,2 screens,4
R0122,$12,4K,No ads,4 screens,9
R0122,$16,HD,No ads,4 screens,6
R0122,$12,4K,No ads,2 screens,7
R0122,$12,HD,No ads,4 screens,7
R0122,$16,HD,No ads,1 screen,3
R0123,$12,4K,No ads,1 screen,8
R0123,$16,HD,No ads,2 screens,5
R0123,$12,HD,No ads,4 screens,8
R0123,$8,4K,Some ads,4 screens,8
R0123,$8,HD,Some ads,1 screen,4
R0123,$16,HD,Some ads,4 screens,5
R0123,$12,4K,Some ads,2 screens,5
R0123,$12,HD,Some ads,2 screens,4
R0123,$16,HD,Some ads,1 screen,1
R0123,$12,4K,Some ads,4 screens,5
R0123,$8,4K,No ads,1 screen,10
R0123,$12,4K,No ads,2 screens,9
R0124,$16,HD,Some ads,2 screens,1
R0124,$12,4K,No ads,4 screens,8
R0124,$8,4K,No ads,2 screens,9
R0124,$12,4K,No ads,1 screen,6
R0124,$8,4K,Some ads,1 screen,4
R0124,$12,4K,Some ads,2 screens,4
R0124,$16,HD,No ads,2 screens,5
R0124,$16,4K,Some ads,1 screen,3
R0124,$12,HD,Some ads,2 screens,4
R0124,$12,HD,No ads,1 screen,6
R0124,$16,4K,No ads,4 screens,8
R0124,$12,HD,Some ads,4 screens,5
R0125,$12,4K,Some ads,2 screens,6
R0125,$16,HD,No ads,2 screens,3
R0125,$12,HD,No ads,4 screens,5
R0125,$8,HD,No ads,2 screens,7
R0125,$12,HD,Some ads,2 screens,4
R0125,$8,4K,No ads,4 screens,10
R0125,$12,4K,No ads,1 screen,6
R0125,$8,4K,Some ads,1 screen,6
R0125,$8,4K,Some ads,4 screens,8
R0125,$16,4K,No ads,4 screens,6
R0125,$12,4K,Some ads,1 screen,6
R0125,$8,4K,No ads,2 screens,9
R0126,$8,4K,No ads,4 screens,8
R0126,$12,HD,No ads,4 screens,6
R0126,$16,4K,No ads,4 screens,7
R0126,$16,HD,Some ads,1 screen,1
R0126,$16,4K,No ads,2 screens,7
R0126,$8,HD,Some ads,2 screens,3
R0126,$12,4K,Some ads,1 screen,5
R0126,$12,HD,Some ads,2 screens,2
R0126,$8,HD,No ads,1 screen,3
R0126,$12,HD,No ads,1 screen,3
R0126,$8,4K,Some ads,4 screens,7
R0126,$8,4K,Some ads,2 screens,6
R0127,$12,HD,No ads,1 screen,4
R0127,$16,4K,Some ads,4 screens,3
R0127,$8,HD,No ads,4 screens,8
R0127,$8,4K,No ads,4 screens,10
R0127,$8,HD,No ads,1 screen,5
R0127,$16,4K,Some ads,2 screens,4
R0127,$12,HD,No ads,2 screens,5
R0127,$16,4K,No ads,2 screens,4
R0127,$12,HD,Some ads,4 screens,3
R0127,$16,HD,No ads,1 screen,4
R0127,$12,HD,Some ads,2 screens,3
R0127,$16,4K,No ads,4 screens,7
R0128,$16,HD,Some ads,1 screen,4
R0128,$16,HD,Some ads,4 screens,5
R0128,$8,HD,No ads,1 screen,10
R0128,$8,HD,No ads,2 screens,6
R0128,$16,4K,Some ads,4 screens,4
R0128,$16,HD,No ads,4 screens,6
R0128,$12,4K,Some ads,4 screens,5
R0128,$12,HD,No ads,2 screens,7
R0128,$16,HD,No ads,2 screens,5
R0128,$16,4K,No ads,2 screens,6
R0128,$16,4K,No ads,4 screens,7
R0128,$8,4K,No ads,2 screens,8
R0129,$16,4K,No ads,2 screens,6
R0129,$16,HD,No ads,4 screens,5
R0129,$12,HD,No ads,2 screens,5
R0129,$12,HD,Some ads,2 screens,5
R0129,$8,HD,Some ads,2 screens,6
R0129,$16,4K,Some ads,1 screen,4
R0129,$8,HD,Some ads,4 screens,4
R0129,$8,4K,No ads,4 screens,8
R0129,$12,HD,No ads,4 screens,2
R0129,$16,4K,Some ads,2 screens,5
R0129,$12,HD,Some ads,1 screen,3
R0129,$12,4K,No ads,4 screens,5
R0130,$12,HD,Some ads,4 screens,3
R0130,$12,4K,Some ads,1 screen,6
R0130,$12,HD,No ads,2 screens,7
R0130,$12,HD,Some ads,2 screens,3
R0130,$8,HD,No ads,1 screen,6
R0130,$8,4K,Some ads,2 screens,5
R0130,$16,HD,No ads,2 screens,5
R0130,$12,4K,No ads,2 screens,9
R0130,$8,HD,Some ads,2 screens,1
R0130,$16,HD,Some ads,1 screen,1
R0130,$8,4K,No ads,2 screens,8
R0130,$12,4K,No ads,1 screen,7
R0131,$12,4K,No ads,2 screens,3
R0131,$12,HD,No ads,2 screens,3
R0131,$8,HD,No ads,4 screens,5
R0131,$8,4K,No ads,2 screens,5
R0131,$12,HD,Some ads,1 screen,3
R0131,$8,HD,No ads,2 screens,6
R0131,$12,4K,No ads,4 screens,6
R0131,$8,HD,Some ads,4 screens,4
R0131,$8,4K,No ads,1 screen,6
R0131,$12,HD,Some ads,2 screens,1
R0131,$16,HD,Some ads,1 screen,1
R0131,$16,HD,No ads,4 screens,8
R0132,$16,HD,No ads,1 screen,5
R0132,$16,4K,No ads,1 screen,6
R0132,$12,HD,No ads,4 screens,5
R0132,$16,4K,Some ads,4 screens,4
R0132,$12,4K,Some ads,1 screen,5
R0132,$8,4K,No ads,4 screens,5
R0132,$12,HD,No ads,2 screens,7
R0132,$8,HD,Some ads,1 screen,2
R0132,$12,HD,Some ads,2 screens,4
R0132,$16,4K,Some ads,1 screen,2
R0132,$8,HD,Some ads,2 screens,6
R0132,$8,HD,No ads,1 screen,5
R0133,$12,HD,Some ads,1 screen,4
R0133,$12,4K,No ads,4 screens,6
R0133,$12,HD,No ads,1 screen,5
R0133,$16,4K,Some ads,4 screens,3
R0133,$16,HD,No ads,4 screens,5
R0133,$12,4K,No ads,2 screens,5
R0133,$16,4K,Some ads,2 screens,2
R0133,$16,HD,No ads,2 screens,6
R0133,$16,HD,Some ads,4 screens,4
R0133,$8,4K,Some ads,4 screens,4
R0133,$8,HD,Some ads,4 screens,5
R0133,$12,HD,No ads,4 screens,7
R0134,$12,HD,Some ads,2 screens,5
R0134,$12,4K,Some ads,1 screen,5
R0134,$12,HD,No ads,4 screens,6
R0134,$12,4K,No ads,2 screens,5
R0134,$8,HD,No ads,4 screens,8
R0134,$16,4K,No ads,2 screens,6
R0134,$12,4K,Some ads,2 screens,5
R0134,$16,4K,No ads,4 screens,5
R0134,$16,HD,Some ads,2 screens,4
R0134,$8,HD,Some ads,2 screens,5
R0134,$8,4K,Some ads,2 screens,7
R0134,$16,4K,Some ads,2 screens,5
R0135,$8,4K,No ads,4 screens,10
R0135,$16,HD,No ads,1 screen,5
R0135,$12,HD,No ads,2 screens,7
R0135,$16,HD,Some ads,1 screen,4
R0135,$12,4K,No ads,2 screens,9
R0135,$8,HD,Some ads,2 screens,8
R0135,$16,4K,Some ads,4 screens,4
R0135,$12,4K,No ads,4 screens,5
R0135,$16,HD,Some ads,4 screens,6
R0135,$8,4K,No ads,2 screens,10
R0135,$12,HD,Some ads,1 screen,2
R0135,$12,HD,No ads,1 screen,4
R0136,$8,4K,No ads,4 screens,6
R0136,$12,4K,Some ads,4 screens,4
R0136,$12,4K,Some ads,2 screens,5
R0136,$12,4K,No ads,2 screens,7
R0136,$8,4K,No ads,1 screen,7
R0136,$8,4K,Some ads,1 screen,5
R0136,$12,4K,No ads,1 screen,5
R0136,$16,HD,Some ads,1 screen,3
R0136,$16,HD,Some ads,4 screens,1
R0136,$8,HD,No ads,2 screens,5
R0136,$16,HD,No ads,4 screens,4
R0136,$8,HD,Some ads,4 screens,4
R0137,$12,4K,Some ads,4 screens,6
R0137,$16,HD,No ads,2 screens,5
R0137,$8,HD,Some ads,4 screens,6
R0137,$8,4K,No ads,2 screens,8
R0137,$16,4K,No ads,2 screens,5
R0137,$12,HD,Some ads,4 screens,4
R0137,$8,HD,Some ads,2 screens,6
R0137,$8,HD,No ads,4 screens,10
R0137,$8,HD,Some ads,1 screen,5
R0137,$16,4K,Some ads,2 screens,5
R0137,$12,HD,No ads,1 screen,6
R0137,$16,HD,Some ads,4 screens,3
R0138,$8,HD,No ads,2 screens,7
R0138,$8,4K,Some ads,1 screen,8
R0138,$8,HD,No ads,4 screens,7
R0138,$8,HD,Some ads,2 screens,5
R0138,$12,HD,Some ads,2 screens,3
R0138,$8,HD,No ads,1 screen,7
R0138,$12,HD,No ads,4 screens,7
R0138,$12,4K,No ads,1 screen,6
R0138,$12,4K,Some ads,4 screens,7
R0138,$16,4K,No ads,2 screens,6
R0138,$16,HD,No ads,2 screens,4
R0138,$8,4K,No ads,2 screens,9
R0139,$16,HD,Some ads,4 screens,1
R0139,$8,HD,No ads,2 screens,7
R0139,$16,HD,Some ads,1 screen,4
R0139,$16,4K,No ads,2 screens,6
R0139,$12,HD,Some ads,1 screen,7
R0139,$8,HD,Some ads,4 screens,4
R0139,$12,4K,No ads,1 screen,10
R0139,$8,4K,Some ads,1 screen,10
R0139,$12,4K,Some ads,1 screen,9
R0139,$12,4K,No ads,2 screens,9
R0139,$8,HD,Some ads,1 screen,6
R0139,$16,HD,No ads,2 screens,5
R0140,$16,4K,Some ads,2 screens,5
R0140,$12,HD,No ads,4 screens,3
R0140,$12,4K,No ads,4 screens,7
R0140,$12,HD,Some ads,2 screens,3
R0140,$12,4K,No ads,2 screens,7
R0140,$16,4K,Some ads,1 screen,3
R0140,$8,HD,Some ads,2 screens,5
R0140,$12,HD,Some ads,1 screen,1
R0140,$16,HD,No ads,4 screens,5
R0140,$12,HD,Some ads,4 screens,2
R0140,$16,HD,Some ads,2 screens,2
R0140,$12,4K,Some ads,4 screens,5
R0141,$8,HD,Some ads,4 screens,5
R0141,$16,4K,No ads,1 screen,4
R0141,$12,4K,Some ads,4 screens,4
R0141,$12,HD,No ads,2 screens,5
R0141,$8,4K,No ads,1 screen,6
R0141,$16,HD,Some ads,4 screens,1
R0141,$8,4K,No ads,2 screens,7
R0141,$12,4K,No ads,1 screen,7
R0141,$8,HD,No ads,1 screen,3
R0141,$16,4K,Some ads,2 screens,5
R0141,$12,4K,No ads,4 screens,7
R0141,$16,HD,No ads,2 screens,6
R0142,$8,HD,Some ads,2 screens,5
R0142,$16,4K,Some ads,1 screen,2
R0142,$16,HD,Some ads,1 screen,5
R0142,$8,HD,No ads,4 screens,6
R0142,$12,HD,No ads,4 screens,5
R0142,$12,4K,No ads,1 screen,7
R0142,$12,HD,No ads,2 screens,8
R0142,$8,HD,No ads,1 screen,9
R0142,$8,4K,No ads,1 screen,5
R0142,$16,4K,No ads,1 screen,5
R0142,$8,HD,Some ads,1 screen,3
R0142,$12,HD,No ads,1 screen,6
R0143,$8,4K,Some ads,2 screens,7
R0143,$12,4K,No ads,1 screen,7
R0143,$8,HD,Some ads,4 screens,4
R0143,$12,HD,Some ads,4 screens,4
R0143,$16,HD,Some ads,4 screens,2
R0143,$8,HD,No ads,1 screen,5
R0143,$12,4K,No ads,4 screens,7
R0143,$16,HD,No ads,4 screens,4
R0143,$12,4K,Some ads,4 screens,5
R0143,$12,4K,Some ads,1 screen,5
R0143,$12,4K,No ads,2 screens,5
R0143,$16,4K,No ads,1 screen,6
R0144,$8,4K,Some ads,2 screens,4
R0144,$16,4K,Some ads,1 screen,1
R0144,$16,HD,No ads,4 screens,4
R0144,$12,HD,No ads,1 screen,5
R0144,$16,4K,No ads,2 screens,6
R0144,$16,HD,No ads,2 screens,5
R0144,$8,4K,Some ads,1 screen,6
R0144,$8,HD,Some ads,1 screen,4
R0144,$12,HD,Some ads,4 screens,3
R0144,$8,4K,No ads,2 screens,7
R0144,$12,HD,No ads,4 screens,5
R0144,$12,HD,Some ads,1 screen,2
R0145,$8,4K,Some ads,1 screen,4
R0145,$8,4K,No ads,4 screens,7
R0145,$8,HD,Some ads,1 screen,1
R0145,$12,4K,Some ads,4 screens,4
R0145,$16,HD,No ads,1 screen,3
R0145,$8,HD,No ads,1 screen,4
R0145,$12,4K,No ads,4 screens,6
R0145,$16,HD,No ads,4 screens,3
R0145,$16,4K,No ads,1 screen,3
R0145,$16,4K,Some ads,1 screen,2
R0145,$12,HD,No ads,2 screens,5
R0145,$12,4K,Some ads,1 screen,4
R0146,$8,HD,No ads,2 screens,5
R0146,$12,4K,Some ads,4 screens,6
R0146,$12,4K,Some ads,2 screens,6
R0146,$16,4K,No ads,2 screens,7
R0146,$16,4K,Some ads,2 screens,6
R0146,$12,4K,Some ads,1 screen,6
R0146,$12,HD,No ads,4 screens,4
R0146,$16,4K,Some ads,4 screens,6
R0146,$12,HD,Some ads,2 screens,3
R0146,$8,4K,No ads,2 screens,9
R0146,$8,HD,No ads,1 screen,4
R0146,$16,HD,Some ads,2 screens,3
R0147,$16,4K,Some ads,2 screens,6
R0147,$12,4K,Some ads,1 screen,3
R0147,$16,4K,Some ads,4 screens,4
R0147,$12,4K,No ads,1 screen,6
R0147,$12,4K,No ads,2 screens,8
R0147,$16,4K,No ads,1 screen,6
R0147,$8,HD,Some ads,2 screens,8
R0147,$16,4K,No ads,2 screens,6
R0147,$8,4K,No ads,1 screen,8
R0147,$16,HD,Some ads,4 screens,5
R0147,$8,HD,No ads,1 screen,9
R0147,$12,HD,Some ads,1 screen,4
R0148,$16,4K,Some ads,4 screens,4
R0148,$8,4K,No ads,2 screens,7
R0148,$8,HD,No ads,2 screens,7
R0148,$8,HD,Some ads,1 screen,5
R0148,$16,HD,No ads,4 screens,4
R0148,$16,4K,No ads,4 screens,5
R0148,$16,HD,No ads,2 screens,4
R0148,$12,HD,No ads,1 screen,4
R0148,$8,HD,No ads,4 screens,5
R0148,$12,HD,Some ads,4 screens,3
R0148,$12,4K,Some ads,2 screens,4
R0148,$8,4K,No ads,1 screen,4
R0149,$12,HD,No ads,1 screen,4
R0149,$16,HD,No ads,4 screens,6
R0149,$16,HD,Some ads,4 screens,3
R0149,$16,HD,No ads,1 screen,4
R0149,$16,4K,Some ads,2 screens,5
R0149,$8,HD,Some ads,4 screens,6
R0149,$16,HD,No ads,2 screens,6
R0149,$12,HD,No ads,4 screens,7
R0149,$12,4K,Some ads,2 screens,5
R0149,$8,4K,No ads,2 screens,10
R0149,$12,4K,No ads,1 screen,10
R0149,$16,4K,Some ads,4 screens,5
R0150,$12,HD,Some ads,4 screens,5
R0150,$12,HD,Some ads,2 screens,2
R0150,$8,4K,No ads,1 screen,6
R0150,$8,HD,Some ads,1 screen,2
R0150,$16,HD,No ads,4 screens,5
R0150,$12,HD,Some ads,1 screen,4
R0150,$8,4K,Some ads,4 screens,6
R0150,$16,4K,No ads,1 screen,6
R0150,$12,4K,No ads,1 screen,5
R0150,$16,HD,Some ads,4 screens,4
R0150,$16,HD,Some ads,1 screen,1
R0150,$12,4K,No ads,4 screens,5
